<?xml version="1.0" encoding="UTF-8"?>
<project-private xmlns="http://www.netbeans.org/ns/project-private/1">
    <editor-bookmarks xmlns="http://www.netbeans.org/ns/editor-bookmarks/2" lastBookmarkId="0"/>
    <open-files xmlns="http://www.netbeans.org/ns/projectui-open-files/2">
        <group>
            <file>file:/C:/microchip/harmony/v2_06/apps/m3_UART/firmware/src/UART_timer.c</file>
            <file>file:/C:/microchip/harmony/v2_06/apps/m3_UART/firmware/src/http_parse.c</file>
            <file>file:/C:/microchip/harmony/v2_06/apps/m3_UART/firmware/src/Test_thread.c</file>
            <file>file:/C:/microchip/harmony/v2_06/apps/m3_UART/firmware/src/UART_state.c</file>
            <file>file:/C:/microchip/harmony/v2_06/apps/m3_UART/firmware/src/UART_queue.c</file>
            <file>file:/C:/microchip/harmony/v2_06/apps/m3_UART/firmware/src/TEST.h</file>
            <file>file:/C:/microchip/harmony/v2_06/apps/m3_UART/firmware/src/debug.h</file>
            <file>file:/C:/microchip/harmony/v2_06/apps/m3_UART/firmware/src/system_config/default/system_interrupt.c</file>
            <file>file:/C:/microchip/harmony/v2_06/apps/m3_UART/firmware/src/http_construct.c</file>
            <file>file:/C:/microchip/harmony/v2_06/apps/m3_UART/firmware/src/Test_state.c</file>
            <file>file:/C:/microchip/harmony/v2_06/apps/m3_UART/firmware/src/Test_queue.c</file>
            <file>file:/C:/microchip/harmony/v2_06/apps/m3_UART/firmware/src/UART_thread.c</file>
            <file>file:/C:/microchip/harmony/v2_06/apps/m3_UART/firmware/src/UART_state.h</file>
            <file>file:/C:/microchip/harmony/v2_06/apps/m3_UART/firmware/src/UART_queue.h</file>
        </group>
    </open-files>
</project-private>
