<?xml version="1.0" encoding="UTF-8"?>
<project-private xmlns="http://www.netbeans.org/ns/project-private/1">
    <editor-bookmarks xmlns="http://www.netbeans.org/ns/editor-bookmarks/2" lastBookmarkId="0"/>
    <open-files xmlns="http://www.netbeans.org/ns/projectui-open-files/2">
        <group>
            <file>file:/F:/mpLab/Harmony/apps/arm/firmware/src/OC.c</file>
            <file>file:/F:/mpLab/Harmony/apps/arm/firmware/src/arm_state.c</file>
            <file>file:/F:/mpLab/Harmony/apps/arm/firmware/src/arm_Queue.c</file>
            <file>file:/F:/mpLab/Harmony/apps/arm/firmware/src/OC.h</file>
            <file>file:/F:/mpLab/Harmony/apps/arm/firmware/src/UART_queue.c</file>
            <file>file:/F:/mpLab/Harmony/apps/arm/firmware/src/app.c</file>
            <file>file:/F:/mpLab/Harmony/apps/arm/firmware/src/appt.c</file>
            <file>file:/F:/mpLab/Harmony/apps/arm/firmware/src/UART_state.h</file>
            <file>file:/F:/mpLab/Harmony/apps/arm/firmware/src/http_construct.c</file>
            <file>file:/F:/mpLab/Harmony/apps/arm/firmware/arm.X/nbproject/Makefile-impl.mk</file>
            <file>file:/F:/mpLab/Harmony/apps/arm/firmware/src/UART_state.c</file>
            <file>file:/F:/mpLab/Harmony/apps/arm/firmware/src/UART_timer.h</file>
            <file>file:/F:/mpLab/Harmony/apps/arm/firmware/src/debug.c</file>
            <file>file:/F:/mpLab/Harmony/apps/arm/firmware/src/http.h</file>
            <file>file:/F:/mpLab/Harmony/apps/arm/firmware/src/SWtimer.h</file>
            <file>file:/F:/mpLab/Harmony/apps/arm/firmware/src/UART_timer.c</file>
            <file>file:/F:/mpLab/Harmony/apps/arm/firmware/src/main.c</file>
            <file>file:/F:/mpLab/Harmony/apps/arm/firmware/src/debug.h</file>
            <file>file:/F:/mpLab/Harmony/apps/arm/firmware/src/system_config/default/system_interrupt.c</file>
            <file>file:/F:/mpLab/Harmony/apps/arm/firmware/src/SWtimer.c</file>
            <file>file:/F:/mpLab/Harmony/apps/arm/firmware/src/cJSON.c</file>
            <file>file:/F:/mpLab/Harmony/apps/arm/firmware/src/action_state.c</file>
            <file>file:/F:/mpLab/Harmony/apps/arm/firmware/src/QueueStruct.h</file>
            <file>file:/F:/mpLab/Harmony/apps/arm/firmware/src/system_config/default/FreeRTOSConfig.h</file>
            <file>file:/F:/mpLab/Harmony/apps/arm/firmware/src/arm_Queue.h</file>
            <file>file:/F:/mpLab/Harmony/apps/arm/firmware/src/UART_queue.h</file>
            <file>file:/F:/mpLab/Harmony/apps/arm/firmware/src/UART_thread.h</file>
            <file>file:/F:/mpLab/Harmony/apps/arm/firmware/arm.X/nbproject/Makefile-default.mk</file>
            <file>file:/F:/mpLab/Harmony/apps/arm/firmware/src/UART_thread.c</file>
            <file>file:/F:/mpLab/Harmony/apps/arm/firmware/src/system_config/default/system_init.c</file>
            <file>file:/F:/mpLab/Harmony/apps/arm/firmware/src/http_parse.c</file>
            <file>file:/F:/mpLab/Harmony/apps/arm/firmware/src/action_state.h</file>
            <file>file:/F:/mpLab/Harmony/apps/arm/firmware/src/arm_state.h</file>
        </group>
    </open-files>
</project-private>
